points,longitude,latitude
1,-157.83,21.2785
2,-157.857,21.4635
3,-157.793,21.4103
4,-157.793,21.4103
5,-157.811,21.3189
6,-157.7281559,21.3893172
7,-157.7281559,21.3893172
8,-157.836,21.4572
9,-157.7281559,21.3893172
10,-157.7281559,21.3893172
11,-158.005,21.4006
12,-157.726,21.3918
13,-157.728,21.3892
14,-157.852,21.4659
15,-157.853,21.4629
16,-157.731156,21.3949168
17,-157.852,21.4659
18,-157.729,21.3782
19,-80.096558,26.675739
20,-79.23333,21.51667
24,-80.518466,25.528036
25,-80.276628,25.688138
26,-80.263721,26.083801
27,-82.5001,28.7505
33,-82.83,21.66
34,-119.663056,34.419444
35,-119.663056,34.419444
48,-80.5833,22.0833
49,-80.5833,22.0833
52,-77.28802,19.95149
53,-79.99139,21.75944
56,-75.71861,20.9625
85,-82.4672,23.0469
86,-80.2741,25.7248
87,-80.2741,25.7248
88,-80.2741,25.7248
89,-82.3667,23.1333
90,-80.3484,25.7076
91,-80.35666,25.59819
92,-80.2622,25.7485
93,-80.2622,25.7485
94,-80.2622,25.7485
95,-80.2622,25.7485
96,-80.2622,25.7485
97,-79.41667,21.61667
98,-79.41667,21.61667
113,-80.4403,22.1444
114,-80.4403,22.1444
115,-79.411697,21.737122
116,-79.411697,21.737122
117,-79.411697,21.737122
118,-80.2848,26.6851
119,-80.2622,25.7485
120,-79.072567,22.227733
121,-79.072567,22.227733
122,-79.072567,22.227733
123,-77.869516,21.337566
124,-80.36561,25.74137
125,-77.869516,21.337566
126,-80.36561,25.74137
127,-80.36435,25.70101
128,-80.57696,22.07974
129,-80.36435,25.70101
130,-80.36435,25.70101
131,-80.36435,25.70101
132,-80.36435,25.70101
133,-78.00345,21.38333
134,-78.00345,21.38333
135,-78.00345,21.38333
136,-75.7186,20.9625
137,-75.7186,20.9625
138,-75.7186,20.9625
139,-80.2622,25.7485
140,-83.7167,22.6667
141,-80.4667,22.4667
142,-77.7858,21.5994
143,-80.4667,22.4667
144,-82.4992,22.8911
145,-80.4667,22.4667
146,-80.4667,22.4667
147,-80,22.666667
148,-80,22.666667
149,-82.8333,21.6667
150,-82.3667,23.1333
151,-82.3667,23.1333
152,-82.3667,23.1333
153,-75.2061,20.1453
154,-81.8561,22.9114
155,-157.76736,21.39664
156,-157.76736,21.39664
157,-38.51667,-12.98333
158,-79.335205,21.989813
159,-80.2622,25.7485
160,-80.745556,22.588611
161,-80.2622,25.7485
162,-80.2622,25.7485
163,-80.2622,25.7485
164,-80.262619,25.748459
165,-80.26066,25.75019
166,-80.282348,25.734211
167,-80.280975,25.723009
168,-80.36435,25.70101
169,-80.36435,25.70101
170,-80.583333,22.847967
171,-78.00345,21.38333
172,-77.7858,21.5994
173,-78.10568,21.28754
175,-80.36561,25.74137
176,-80.2741,25.7248
177,-80.282348,25.734211
178,-80.36435,25.70101
286,-81.830589,26.620079
287,-80.405145,25.602962
288,-80.321732,25.604821
289,-80.348703,25.879667
290,-80.46756,25.670908
291,-80.321669,25.604719
292,-62.8319,17.90436
293,-80.343082,25.717393
294,-80.320986,25.94735
295,-81.770425,26.228461
296,-80.347971,25.880092
297,-80.348264,25.879963
298,-80.129197,26.322863
299,-81.773969,26.106841
300,-80.321138,25.605322
301,-80.375286,25.758398
302,-80.227447,25.628793
303,-81.1972,22.2897
304,-81.2043,22.2819
305,-81.1972,22.2897
306,-81.85,23.15
307,-81.2043,22.2819
308,-80.348212,25.879945
309,-80.34831,25.879977
310,-80.185024,26.228978
311,-80.321202,25.947357
312,-80.343474,25.718396
313,-80.342967,25.717407
314,-80.1743,26.240806
315,-80.347983,25.880045
316,-80.316666,25.745277
317,-80.397688,25.605883
318,-80.347086,25.742603
319,-80.071008,26.833521
320,-80.145224,26.085084
321,-81.219965,28.473309
322,-80.303401,25.61779
323,-80.442844,25.61237
324,-80.276287,25.937686
325,-81.343453,28.597147
326,-82.1577,26.463974
327,-80.3052,26.108621
328,-81.788863,26.143125
329,-82.1178,26.536682
330,-82.017071,26.476936
331,-80.197025,25.758039
332,-80.275692,25.750539
333,-80.197225,25.758017
334,-80.121283,26.516903
335,-80.428843,25.70655
336,-80.267722,25.67232
337,-80.369963,25.693158
338,-80.280188,25.717628
339,-80.319962,26.720369
341,-80.368912,25.69197
342,-80.275851,25.677736
343,-80.275676,25.677062
344,-80.275646,25.677007
345,-80.275612,25.676987
346,-80.084586,26.806447
347,-80.406383,25.127965
348,-80.275617,25.676926
349,-81.77443,26.465528
350,-80.275555,25.677063
351,-81.808892,26.56483
352,-80.30787,25.614178
353,-80.244982,26.112822
354,-80.343011,25.625663
355,-80.398845,25.612547
356,-80.373141,25.758871
357,-80.206165,25.832223
358,-80.144724,26.478262
359,-81.377569,24.69649
360,-80.381346,25.847113
361,-80.236352,26.612543
362,-80.346839,25.626276
363,-80.142658,26.473959
368,-80.148823,25.970809
369,-80.129423,25.856871
370,-80.369082,25.605432
371,-80.33159,25.817247
372,-80.1452,27.107936
373,-81.462517,28.403937
374,-81.594221,28.351704
375,-80.371795,25.674258
376,-82.1437,26.671442
377,-80.142075,26.34805
378,-81.5922,28.355942
379,-80.306228,25.619987
380,-80.100455,26.370513
381,-80.176553,26.535192
382,-80.345261,25.713104
383,-80.187916,25.783145
384,-80.139259,26.378281
385,-80.09769,26.893014
386,-80.325067,25.732753
387,-80.371323,25.693756
388,-80.219593,26.101641
389,-80.500533,25.403808
390,-76.220185,20.860487
391,-80.183324,26.107579
392,-80.219599,26.101622
393,-80.426064,25.474988
394,-80.302634,26.059752
395,-80.302722,26.059742
396,-80.143422,26.643265
397,-80.304153,25.279666
398,-80.21775,26.198758
399,-80.323958,25.724442
400,-80.196956,26.140488
401,-62.8319,17.90436
402,-80.280029,25.715479
403,-80.115058,26.792988
404,-80.279083,25.721638
405,-80.107422,26.8097
406,-80.500528,25.403883
407,-80.114503,26.888558
408,-80.134511,25.797343
409,-80.09592,26.817649
410,-80.025765,21.933585
411,-80.134017,26.292105
412,-80.128932,26.368306
413,-81.787387,26.454809
414,-75.93103,21.098567
415,-82.296335,23.06755
416,-83.706629,22.618813
418,-80.285985,25.825857
419,-83.128498,27.631768
420,-80.303392,26.060114
421,-80.323892,25.724378
422,-80.294163,26.218608
423,-80.343459,26.044207
424,-80.116838,26.389818
425,-81.786132,26.048287
426,-80.370641,25.694173
427,-80.298592,25.706925
428,-80.12513,26.508331
429,-80.155724,26.519882
430,-80.370954,25.69414
431,-81.789034,26.434802
432,-80.415959,27.610277
433,-80.11763,26.887644
434,-80.343308,26.018723
435,-80.146576,26.643753
436,-81.803262,26.346662
437,-80.370567,25.694747
438,-80.378456,25.717325
439,-81.59024,28.357756
440,-80.275991,25.718586
441,-80.069819,26.436113
442,-80.125617,26.90087
443,-82.56253,27.273753
444,-80.077601,26.323737
445,-81.762754,26.476882
446,-80.050265,26.704914
447,-80.053537,26.611988
448,-80.297614,25.707522
449,-80.236371,26.267345
450,-80.195908,26.546852
451,-80.150826,26.095439
452,-80.288247,26.213095
453,-81.824127,26.571947
454,-80.265526,25.732151
455,-81.790275,26.457613
456,-80.238586,26.319953
457,-80.338464,25.981443
458,-81.588154,28.35701
459,-80.115813,26.888406
460,-80.095189,26.202513
461,-82.356737,29.709378
462,-81.773278,26.107083
463,-80.320146,25.631545
464,-80.320146,25.631545
465,-80.320146,25.631545
466,-80.158592,25.891845
467,-80.320146,25.631545
468,-80.060903,26.403693
469,-80.442342,25.668944
470,-81.784136,26.416228
471,-80.150978,26.096369
472,-80.411675,25.659537
473,-81.701005,26.050023
474,-81.590983,28.357319
475,-81.59095,28.35813
476,-80.398089,25.611367
477,-80.298334,26.061772
478,-81.785042,26.16795
479,-80.375995,25.660824
480,-81.64257,28.804382
481,-82.359743,26.980357
482,-81.788017,26.165914
483,-80.11699,26.911132
484,-80.298333,25.706953
485,-80.08645,26.807853
486,-80.170617,26.451738
487,-80.215084,25.696172
488,-80.177509,26.088727
489,-80.212653,26.637058
490,-82.678834,27.892491
491,-81.790487,26.351958
492,-80.107012,26.620266
493,-80.162736,25.699713
494,-80.153817,26.377386
495,-80.309845,25.73873
496,-80.165267,26.373688
497,-80.331063,25.817277
498,-80.37622,25.780845
499,-80.098144,26.675287
500,-80.236184,27.197623
501,-80.272652,25.721771
502,-82.016495,26.595438
503,-80.161653,25.688953
504,-80.291733,25.64335
505,-80.080747,26.465397
506,-80.369032,25.469742
507,-82.720502,27.688582
508,-80.21946,26.012126
509,-80.401389,25.607778
510,-80.316532,26.04921
511,-80.069387,26.823357
512,-81.799522,24.558656
513,-80.374452,25.767302
514,-80.492315,25.533857
515,-80.223843,26.171043
516,-80.351462,25.666209
517,-80.30333,25.29092
518,-80.119387,26.49975
519,-80.115674,26.905861
520,-82.192595,26.520969
521,-80.071145,26.672458
522,-80.30358,26.060564
523,-80.157203,26.160467
524,-81.788949,26.169595
525,-80.338408,25.6478
528,-81.82447,26.569955
529,-81.182688,29.038165
530,-80.272959,25.722177
531,-80.374671,26.063591
532,-80.373199,25.758158
533,-80.12597,25.925336
534,-81.141445,29.176909
535,-80.202881,26.561283
536,-80.303883,25.706548
537,-80.439694,25.673205
538,-80.130099,26.134897
539,-80.309699,25.622552
540,-80.265188,25.646999
541,-80.34095,25.765653
542,-80.233104,26.127586
543,-80.378128,25.753645
544,-80.405992,25.584853
545,-80.395535,25.601471
546,-80.28903,25.756392
547,-81.151811,29.043578
548,-80.398362,25.609938
549,-80.285203,25.731387
550,-80.303934,25.70643
551,-80.210595,26.639142
552,-80.118011,26.899405
553,-80.288292,26.213147
554,-81.698112,26.057786
555,-81.17413,29.105463
556,-82.518766,27.310857
557,-80.278307,25.681953
558,-80.302812,26.059814
559,-79.93628,21.874545
560,-80.119964,26.038681
561,-81.146602,29.095568
562,-80.058301,26.770224
563,-80.288157,26.213315
564,-81.426947,28.398833
565,-81.872309,26.640597
566,-80.139613,25.782746
567,-80.211708,26.6374
568,-80.357734,26.231996
569,-80.33293,25.693664
570,-81.97315,28.034665
571,-80.37966,26.180785
572,-62.8319,17.90436
575,-80.324997,25.728888
576,-81.005596,29.087838
577,-80.282631,26.111034
578,-81.014281,29.067705
579,-80.227303,25.737817
580,-80.125808,26.18368
581,-80.154593,25.844708
582,-80.137723,25.908884
583,-80.273401,25.756026
584,-81.199933,29.050967
585,-80.240639,26.118825
586,-81.18317,29.076919
587,-80.275686,25.675674
588,-80.346707,25.232504
589,-80.069267,26.669764
590,-80.25594,25.823361
591,-80.229529,25.758408
592,-80.155381,26.864495
593,-81.813683,26.348738
594,-80.229408,25.758365
595,-80.179619,25.880867
596,-80.090096,26.373173
597,-81.456155,28.6225
598,-80.354312,25.819519
599,-80.27574,25.675445
600,-80.202866,26.561705
601,-80.428991,25.66855
602,-80.133744,26.134792
603,-80.052392,26.756603
604,-80.583072,25.395319
605,-80.102172,26.37319
606,-80.119483,26.038572
607,-80.10218,26.373186
608,-80.519462,26.090809
609,-80.27928,25.723038
610,-80.275721,25.67549
611,-81.752143,26.573099
612,-80.075903,26.366857
613,-80.408128,25.126986
614,-80.124389,25.840203
615,-80.371978,25.758205
616,-80.376843,25.572187
617,-80.117003,26.889464
618,-80.366392,25.180899
619,-80.274286,25.678255
620,-80.160697,26.392538
621,-80.126854,26.183296
622,-80.311517,26.074614
623,-80.375192,25.693732
646,-80.373947,25.758703
647,-80.242209,26.254094
648,-80.163345,26.400449
649,-80.136203,25.905583
650,-80.115909,26.722199
651,-80.317252,26.050306
652,-80.1165,26.888233
653,-81.177442,22.434956
654,-81.789488,26.166053
655,-80.102663,26.541157
656,-80.068297,26.666997
657,-80.323447,26.057714
658,-82.445368,28.172135
659,-80.264388,26.005132
660,-80.370976,25.693738
661,-80.106311,26.130755
662,-80.159661,26.841345
663,-80.280076,25.724127
664,-80.114942,26.890995
665,-80.279979,25.7241
666,-82.534287,27.30627
667,-80.370362,25.693025
668,-81.700896,26.050234
669,-80.379547,25.748103
670,-80.278503,26.012364
671,-81.665603,26.019664
672,-80.204812,26.651455
673,-80.298308,25.705814
674,-80.432134,25.722074
675,-80.58259,25.323131
676,-81.803537,26.347622
677,-80.245758,26.079331
678,-80.311287,26.174512
679,-80.201919,26.584734
680,-80.375,25.756112
681,-80.239756,26.084417
682,-80.073274,26.857634
683,-80.373078,25.758155
684,-80.375207,25.756137
685,-80.280024,25.724103
686,-80.061734,26.503062
687,-80.101914,26.839598
688,-80.375215,25.756147
689,-80.125938,26.182028
690,-80.133158,26.177469
691,-80.370879,25.75755
692,-80.117003,26.889464
693,-80.26449,26.00221
694,-80.260353,26.299703
695,-80.373358,25.758955
696,-80.418821,25.690293
697,-80.303558,26.060403
698,-82.534384,27.306385
699,-80.279926,25.724159
700,-81.774889,26.163051
701,-80.430084,25.707171
702,-106.670197,35.051358
703,-80.101914,26.839598
704,-80.398575,25.60368
705,-81.805725,26.204533
706,-80.341063,25.765805
707,-80.204918,26.271988
708,-81.591163,28.356925
709,-80.104506,26.371475
710,-81.164301,22.366185
711,-80.11535,26.888175
712,-80.20388,25.822838
713,-80.354483,25.649895
714,-80.373178,25.7582
715,-80.115569,26.3876
716,-80.14209,26.028948
717,-81.7766,26.1192
718,-80.264115,26.002984
719,-80.272406,26.042797
720,-80.361328,25.694192
721,-80.089211,26.544312
722,-80.189549,26.318358
723,-80.264158,26.003008
729,-80.288687,26.117201
730,-80.44728,25.086515
731,-80.44728,25.086515
732,-81.721886,25.921704
733,-80.34653,25.2021
734,-80.212524,26.305797
735,-80.301597,25.857955
736,-81.800751,24.55101
737,-81.669075,26.049917
739,-80.284636,25.684081
740,-80.116435,26.886716
741,-80.331458,25.683
742,-80.134925,26.825442
743,-80.307808,25.614213
744,-81.130489,22.169213
745,-80.115186,26.888605
746,-81.001629,28.747811
747,-80.123344,26.100292
749,-80.015882,26.318833
750,-80.343114,25.626213
751,-80.115722,26.88837
752,-80.063248,26.580635
753,-82.496563,28.154761
754,-80.116537,26.887005
755,-80.406058,25.132983
756,-80.399484,25.6074
757,-80.361612,25.692617
758,-80.50116,25.40213
759,-80.109109,26.465658
760,-80.278794,25.747554
761,-80.372335,25.758035
762,-80.137958,25.907708
763,-80.294341,25.716481
764,-80.112012,26.158882
766,-80.049667,26.426639
767,-80.280596,25.760676
768,-80.412395,25.673134
769,-80.408042,25.126964
770,-62.852731,17.902382
771,-81.620274,26.485945
772,-80.129658,26.184483
773,-80.361075,25.693942
774,-80.361213,25.694312
775,-81.759912,26.119386
776,-80.380175,25.669616
777,-80.169901,26.413305
778,-80.201318,25.900039
779,-81.592767,28.355513
780,-80.272958,25.679089
782,-80.101914,26.839598
783,-80.207592,26.318659
784,-100.489995,31.37689
785,-80.27935,25.723967
786,-80.035895,26.641953
787,-80.289473,25.772604
788,-80.210113,26.104533
789,-80.138124,25.907099
790,-82.534461,27.305589
791,-80.286519,26.17726
792,-75.864594,21.113987
793,-80.156443,26.429087
794,-80.590703,25.313385
795,-82.534247,27.30612
796,-80.320648,22.125233
797,-80.201592,25.900228
798,-80.11718,26.888557
799,-75.863522,21.108599
800,-80.068448,26.616756
801,-80.474697,25.466376
802,-80.114336,26.888402
803,-81.934167,26.528538
804,-81.127882,22.172717
805,-80.101914,26.839598
806,-80.117808,26.888805
807,-80.137017,25.910083
808,-80.302872,26.059803
809,-80.198005,26.138272
810,-80.138521,25.910832
811,-80.03814,26.201704
812,-80.140011,25.908703
813,-80.24678,25.765571
814,-80.205297,25.649943
815,-80.335236,25.892604
816,-80.125988,26.181926
817,-80.374007,25.692192
818,-80.328883,26.023794
819,-80.15604,26.307526
820,-80.406795,25.74484
821,-80.194235,26.057456
822,-80.137444,25.910775
823,-80.282815,26.038122
824,-80.2593,26.247484
825,-80.399336,25.605251
826,-80.492686,25.53404
827,-80.077777,26.316293
828,-80.373603,25.759387
829,-80.147903,25.846647
830,-80.123458,26.382892
831,-80.137475,25.91048
832,-80.101914,26.839762
833,-80.141594,26.029283
834,-80.19179,25.761656
835,-80.264437,26.004994
836,-81.905894,26.59216
837,-80.313338,26.159949
838,-80.135226,25.795884
839,-80.381083,25.539254
840,-80.371419,25.693922
841,-80.3547,25.70193
842,-80.152428,26.216628
843,-80.246279,26.242835
844,-80.401598,25.605319
845,-80.289409,26.047195
846,-80.188942,26.266255
847,-80.38184,25.565478
848,-80.336735,25.767179
849,-80.311585,25.740405
850,-80.279503,25.724233
851,-80.393728,25.654031
852,-80.19188,26.21131
853,-80.102165,26.3591
854,-80.212696,26.306059
855,-80.083297,26.842517
856,-80.315505,25.68512
857,-80.363333,25.692587
858,-80.280922,25.717695
859,-80.09143,26.25658
860,-80.123628,26.383538
861,-80.117808,26.888805
862,-80.094116,26.444401
863,-80.362433,25.693137
864,-80.179663,26.027414
865,-80.106056,26.370506
866,-80.503303,25.39063
867,-80.131112,25.885193
868,-80.233292,25.769353
869,-80.263245,26.084325
870,-80.30651,25.616378
871,-80.081156,26.498689
872,-80.212447,26.305984
873,-81.812967,26.434278
874,-80.322369,25.644124
875,-80.134475,26.624688
876,-79.992835,21.844872
877,-80.151031,25.937979
878,-80.218084,26.658459
879,-80.147449,25.846455
880,-81.849998,23.15
881,-80.470001,22.469999
882,-81.800003,26.190001
883,-80.959999,22.049999
884,-80.330002,22.139999
910,-80.194742,25.845453
911,-80.276505,25.71958
912,-80.188247,26.266987
913,-80.188133,26.266992
914,-80.188095,26.26702
915,-80.188347,26.267362
916,-80.188112,26.266888
917,-80.1883,26.26697
918,-80.397187,25.60513
919,-81.739486,26.172296
920,-80.152503,26.216563
921,-80.188195,26.266978
922,-80.188208,26.266962
923,-80.188278,26.266887
924,-80.188233,26.267038
925,-80.365745,25.69348
926,-80.188217,26.266987
927,-80.345256,25.713161
928,-80.1883,26.267188
929,-80.239672,26.027685
930,-80.188117,26.267008
931,-80.188195,26.267213
932,-80.1884,26.267063
933,-80.188912,26.267533
934,-80.188478,26.26668
935,-80.365622,25.69318
936,-80.188346,26.267116
937,-80.188155,26.266988
938,-80.188095,26.267063
939,-80.188147,26.266983
940,-80.18827,26.267203
941,-80.147003,26.292303
942,-80.365617,25.693347
943,-80.187858,26.266992
944,-80.188195,26.267038
945,-80.163412,26.105907
946,-80.212396,26.305729
947,-80.422026,25.752126
948,-80.135258,25.795921
949,-80.096908,26.59667
950,-81.747125,26.783613
951,-80.118973,26.928545
952,-80.264433,26.005035
953,-81.588124,28.356655
954,-80.188317,26.267108
955,-80.146243,26.519552
956,-80.185912,25.766013
957,-80.088211,26.3519
958,-80.248305,26.693913
959,-82.18338,26.48298
960,-80.212986,26.305777
961,-80.344032,25.56964
962,-80.196108,26.062697
963,-80.148032,25.845552
964,-80.265664,27.167131
965,-80.232956,25.756087
966,-80.1434,26.1223
967,-81.459824,28.62349
968,-80.173766,26.266018
969,-80.273588,26.012169
970,-80.408647,25.129331
971,-81.784996,26.144983
972,-80.301562,26.178186
973,-80.324783,25.726558
974,-80.058044,26.462583
975,-80.063646,26.617338
976,-80.075642,26.51846
977,-80.265312,25.753028
978,-80.188187,26.2673
979,-80.18827,26.267117
980,-80.212836,26.305764
981,-80.053375,26.715308
982,-80.125993,26.18197
983,-80.077217,26.950792
984,-80.288196,26.213018
985,-81.592804,28.355881
986,-80.363228,26.012815
987,-80.1389,26.660855
988,-80.152077,26.108739
989,-80.3069,25.912687
990,-80.371176,26.125915
991,-80.186356,25.76684
992,-80.092435,26.62991
993,-80.303895,26.060597
994,-80.146286,26.097592
995,-80.178935,26.252002
996,-81.855724,26.422568
997,-80.296811,25.717783
998,-80.16331,26.840296
999,-80.188295,26.267047
1000,-81.747375,26.290678
1001,-80.319755,25.695
1002,-80.376581,25.693322
1003,-80.30497,26.059817
1004,-80.375345,25.671708
1005,-80.354592,25.650192
1006,-80.361755,25.692587
1007,-80.188195,26.266953
1008,-80.125995,26.181987
1009,-80.283012,25.659978
1010,-80.049811,26.602125
1011,-80.25242,26.034678
1012,-80.135271,25.795803
1013,-81.79481,26.142365
1014,-80.445948,25.474832
1015,-80.177304,26.250121
1016,-80.18827,26.267117
1017,-80.212337,26.130569
1018,-80.07978,26.3627
1019,-80.387218,25.411334
1020,-80.406527,25.125348
1021,-80.225022,26.381036
1022,-80.047983,26.614934
1023,-80.270429,25.721455
1024,-80.125824,26.181866
1025,-80.314554,25.76554
1026,-80.37298,25.749079
1027,-80.172523,26.60095
1028,-80.146325,26.195404
1029,-81.357791,25.81812
1030,-81.357598,25.818477
1031,-80.178935,26.252002
1035,-80.298805,25.69267
1036,-80.384713,28.814354
1037,-80.372889,25.757503
1038,-80.413222,26.098958
1039,-80.125878,26.180956
1040,-80.45159,25.558687
1041,-80.420815,25.600115
1043,-80.127365,25.878828
1044,-80.222992,26.089953
1045,-81.59285,26.300229
1046,-80.154883,25.941767
1047,-80.27208,25.780003
1048,-80.368804,25.669131
1049,-80.461384,25.674637
1050,-80.432115,25.470493
1051,-81.78042,26.459955
1052,-80.41622,25.536692
1053,-80.085869,26.541597
1054,-81.825215,26.309032
1055,-80.053375,26.715308
1056,-80.154908,25.94182
1057,-80.06889,26.378791
1058,-80.143577,26.478878
1059,-81.718792,26.028193
1060,-80.372637,25.696658
1061,-80.432278,25.470335
1064,-80.381363,25.609722
1065,-80.393671,25.638303
1066,-81.665735,26.027753
1067,-80.304605,26.072862
1068,-80.118033,26.453281
1069,-80.477557,25.468722
1070,-80.144295,26.121532
1071,-81.7787,26.3398
1072,-81.7599,26.3215
1073,-80.157928,26.576488
1074,-80.238522,25.696787
1075,-80.323436,25.731632
1076,-81.813121,26.226683
1077,-80.350237,25.66757
1078,-80.27607,25.68253
1079,-80.07765,26.323616
1080,-80.183838,26.237846
1081,-80.18303,25.768462
1082,-80.279102,25.683612
1083,-80.267715,26.073732
1084,-80.186455,26.624111
1085,-80.267715,26.073732
1086,-80.34686,25.202223
1087,-80.446883,25.67548
1088,-80.187419,26.319224
1089,-80.319402,25.687898
1090,-80.226814,26.107757
1091,-80.267991,26.119674
1092,-80.322892,25.611412
1093,-80.160872,25.673272
1094,-80.160897,25.673228
1095,-80.25805,26.075016
1096,-80.163531,27.133184
1097,-80.116517,26.453048
1098,-80.541093,25.453083
1099,-80.501725,25.428795
1100,-80.184822,25.769817
1101,-80.068015,26.623395
1102,-80.174815,26.269914
1103,-81.744553,26.140867
1104,-80.354362,25.650038
1105,-80.390192,25.755052
1106,-80.353105,25.598134
1107,-80.282119,25.718811
1108,-80.188378,26.267038
1109,-80.188195,26.266983
1110,-80.188095,26.26698
1111,-80.188172,26.26693
1112,-80.188133,26.267278
1113,-80.369988,25.732358
1114,-80.109659,26.926135
1115,-80.188142,26.258683
1116,-80.188562,26.2652
1117,-80.187753,26.2676
1118,-80.350801,25.675069
1119,-80.276648,25.721342
1120,-80.24067,27.141153
1121,-80.188172,26.266967
1122,-80.336732,25.767311
1123,-81.774483,26.465425
1124,-80.188217,26.267005
1125,-80.188178,26.26707
1126,-80.188338,26.266942
1127,-80.188028,26.266983
1128,-80.161103,26.51667
1129,-80.466002,25.501178
1130,-80.188058,26.266997
1131,-80.125411,26.889547
1132,-80.282562,25.761003
1133,-80.187653,26.267022
1134,-80.188287,26.266705
1135,-80.188362,26.266747
1136,-80.125997,26.181917
1137,-80.053477,26.653402
1138,-80.070068,26.864888
1139,-80.372114,25.757205
1140,-80.152472,26.216687
1141,-80.148597,26.29127
1142,-80.188225,26.267512
1143,-80.10281,26.868993
1144,-80.1939,25.8534
1145,-80.188225,26.267487
1146,-80.369597,26.083389
1147,-80.187487,25.866687
1148,-80.157903,26.481918
1149,-80.289695,25.756347
1150,-81.813395,26.214587
1151,-80.149283,26.292187
1152,-80.188478,26.266722
1153,-80.371876,25.757326
1154,-80.458626,25.450342
1155,-80.188163,26.267017
1156,-80.188187,26.267492
1157,-80.100447,26.872217
1158,-82.365117,27.029663
1159,-80.147017,26.345935
1160,-80.277997,25.720772
1161,-80.568808,25.491436
1162,-80.446687,25.75311
1163,-80.429327,25.604883
1164,-80.309068,25.734564
1165,-80.249987,25.66837
1166,-81.80265,24.560063
1167,-80.101379,26.467005
1168,-80.30845,25.735538
1170,-80.327464,25.77906
1171,-80.267494,25.993502
1172,-81.787441,26.174716
1173,-80.365743,25.75483
1174,-80.288803,25.68725
1175,-80.125999,26.181979
1176,-80.431018,25.629013
1177,-80.19179,25.76168
1178,-80.285483,25.82005
1179,-80.431008,25.628967
1180,-80.430732,25.629011
1181,-80.431237,25.628953
1182,-80.43612,25.63248
1183,-80.308395,25.921355
1184,-80.483467,25.555269
1185,-81.81289,26.319052
1186,-80.053907,26.527985
1187,-80.432205,25.632695
1188,-80.19179,25.76168
1189,-80.432067,25.629192
1190,-80.423771,25.628582
1191,-80.115899,26.888065
1192,-80.162615,26.033513
1193,-80.161084,26.17089
1194,-81.211268,22.284677
1195,-80.289812,25.652845
1196,-80.099766,26.318412
1197,-80.104903,26.145337
1198,-80.529945,25.751116
1199,-80.288082,26.212667
1200,-80.3714,25.756492
1201,-80.320017,25.608886
1202,-80.487312,25.494087
1203,-80.052994,26.712385
1204,-80.37175,25.757038
1205,-80.178935,26.252002
1206,-80.290147,25.653155
1207,-80.27967,25.70043
1208,-80.282762,25.698647
1209,-78.4065,22.5335
1210,-80.3562,25.580242
1211,-80.307789,25.946838
1212,-80.235271,26.077973
1213,-80.371541,25.17425
1214,-80.356278,25.580272
1215,-81.780251,26.460101
1216,-81.780372,26.460378
1217,-80.378875,25.9574
1218,-80.082747,26.717228
1219,-80.316987,26.157423
1220,-80.332151,25.570825
1221,-80.280472,25.7235
1222,-80.130336,26.011328
1223,-80.205353,26.326228
1224,-80.280406,25.722725
1225,-80.086114,26.378408
1226,-80.041928,26.703146
1227,-80.439373,26.734741
1228,-80.389689,25.739051
1229,-80.041606,26.714594
1230,-80.370707,25.731932
1231,-80.118811,26.893758
1232,-80.327414,25.751024
1233,-82.574819,27.498928
1236,-80.119658,26.891322
1237,-80.339805,25.569493
1238,-80.125937,26.181971
1239,-80.1214,26.892953
1240,-80.041108,26.700267
1241,-80.12268,25.896422
1242,-80.339308,25.568707
1243,-80.119805,26.891383
1244,-80.144967,26.478028
1245,-80.130308,26.134263
1246,-80.27367,25.678745
1247,-80.358588,25.630178
1248,-80.077355,26.320197
1249,-81.169814,22.277436
1250,-80.292555,25.725845
1251,-80.156976,26.342171
1252,-80.158582,26.342121
1253,-80.124467,26.598937
1254,-80.140687,26.607244
1255,-80.971069,27.002713
1256,-80.126027,26.181932
1257,-80.372368,25.539996
1258,-81.732157,26.099585
1259,-80.102638,26.837376
1260,-80.119159,26.478452
1261,-80.108131,26.55871
1262,-80.226652,26.154496
1263,-80.109536,26.342465
1264,-80.185751,26.229774
1265,-80.158113,26.387672
1266,-80.447082,25.735302
1267,-82.442951,27.753247
1268,-81.815518,26.465488
1269,-80.095162,26.958548
1270,-81.869117,26.399737
1271,-80.38,26.1
1272,-81.872308,26.640628
1273,-80.235178,27.195104
1274,-80.280012,25.723086
1275,-80.096367,26.828975
1276,-80.288068,26.212901
1277,-80.235305,25.737137
1278,-80.166894,26.66814
1279,-80.357827,25.666034
1280,-80.311455,25.692395
1281,-80.260161,25.714099
1282,-80.225962,26.379787
1283,-80.292369,25.294276
1284,-80.280356,25.723465
1285,-80.415117,25.707978
1286,-80.131512,25.883473
1287,-80.270936,26.123199
1288,-80.19179,25.76168
1289,-80.378128,25.738595
1290,-81.787327,26.48158
1291,-80.298467,25.707543
1292,-80.19179,25.7619
1293,-80.19179,25.7619
1294,-80.24916,26.131602
1295,-80.533633,25.433042
1296,-80.290023,26.350503
1297,-80.375152,25.745902
1298,-80.188443,26.267107
1299,-80.291841,25.629608
1300,-80.365167,25.770482
1301,-80.265927,26.124451
1302,-80.348366,25.716561
1303,-80.077628,26.323745
1304,-80.269148,25.719864
1305,-80.1937,25.7743
1306,-80.2625,25.7504
1307,-80.410757,25.749151
1308,-80.320425,25.720488
1309,-80.403651,26.145929
1310,-80.34925,25.560122
1311,-80.118964,26.478295
1312,-80.382811,25.814238
1313,-80.076191,26.860553
1314,-80.59384,26.008729
1315,-80.24628,25.79974
1316,-80.19477,26.007242
1317,-80.375208,26.281512
1318,-80.33429,25.920711
1319,-80.109357,26.978172
1320,-80.158204,25.791105
1321,-80.2126,26.500356
1322,-80.523988,26.131712
1323,-80.362321,25.681953
1324,-80.133777,26.924356
1325,-80.193551,26.298103
1326,-80.184469,25.856991
1327,-80.289337,26.21333
1328,-80.312684,25.908931
1329,-80.1386,26.8234
1330,-80.271808,26.099259
1331,-80.378664,25.66865
1332,-80.333573,27.168508
1333,-80.28782,26.213016
1334,-80.501367,26.187097
1335,-82.189863,26.509872
1336,-80.276383,26.276907
1337,-81.87055,26.592053
1338,-80.168755,26.573803
1339,-80.23375,26.0069
1340,-80.233764,26.006869
1341,-81.788024,26.165607
1342,-81.813111,26.239171
1343,-80.328025,25.67573
1344,-80.241725,26.292053
1345,-80.06983,26.667833
1346,-80.287593,26.212559
1347,-80.108344,26.740478
1348,-80.102036,26.187405
1349,-80.206474,26.309098
1350,-80.473414,26.19397
1351,-80.082611,26.934138
1352,-80.125959,26.181958
1354,-80.204613,25.752067
1355,-81.812793,26.257065
1356,-81.214576,26.192759
1357,-80.437545,25.45157
1358,-80.263784,26.294798
1359,-80.358784,25.696964
1360,-80.406579,25.985705
1361,-80.125976,26.181987
1362,-80.1386,26.8234
1363,-80.069569,26.82349
1364,-80.364233,25.994805
1365,-82.649389,27.505126
1366,-80.210103,25.763924
1367,-80.312496,26.073566
1368,-80.274171,25.676824
1369,-80.590175,26.047256
1370,-80.126221,26.181917
1371,-80.282228,25.928633
1372,-80.457742,25.507987
1373,-80.07978,26.3627
1374,-80.238477,26.072088
1375,-80.1306,26.031693
1376,-77.513018,25.026078
1377,-80.421463,26.126658
1378,-81.881376,26.677563
1379,-79.944763,21.935403
1381,-80.323913,25.906912
1382,-80.56722,26.166367
1383,-80.168953,26.43782
1384,-80.342409,25.622945
1385,-80.175597,26.281442
1386,-80.380578,26.10107
1389,-80.407474,25.632212
1390,-80.280427,25.760724
1391,-80.119347,26.038218
1392,-80.570391,24.958641
1393,-80.101063,26.374988
1394,-80.128333,26.303889
1395,-80.327491,25.779095
1396,-80.121865,26.59331
1397,-80.264866,25.732271
1398,-80.137572,26.191203
1399,-80.307663,25.615867
1400,-80.345518,25.713091
1401,-80.10823,26.740112
1402,-80.368016,26.069653
1405,-81.798544,26.313854
1406,-80.275117,26.0097
1407,-80.287828,26.012261
1408,-80.054205,26.818138
1409,-81.187631,22.287499
1410,-80.344868,25.763128
1411,-80.168678,26.437545
1412,-80.212295,25.790108
1413,-80.250428,26.276983
1414,-80.371541,25.629908
1415,-80.08393,26.535295
1416,-80.319686,25.630703
1417,-80.196192,26.401261
1418,-80.364883,25.688028
1419,-80.260666,26.144642
1420,-80.126004,26.182006
1421,-80.127061,25.88125
1422,-80.287579,26.212515
1423,-80.386138,25.881553
1424,-80.226603,25.752622
1425,-80.272407,25.676765
1426,-80.287984,26.212718
1427,-80.366874,26.064493
1428,-80.094715,26.764074
1429,-81.801225,26.191125
1430,-80.424432,25.635791
1431,-80.326435,25.724488
1432,-80.256994,26.170098
1433,-80.298663,26.061877
1434,-80.305449,25.815782
1435,-81.782813,26.256025
1436,-80.329225,26.018997
1437,-80.328797,26.019536
1438,-80.101622,26.374167
1439,-80.118553,26.478997
1440,-80.459081,25.712397
1441,-80.357635,25.694057
1442,-82.410448,27.336239
1443,-80.22097,27.204945
1444,-80.260218,26.047907
1445,-80.332844,25.865082
1446,-80.457939,26.08908
1447,-80.230295,26.361988
1448,-81.742273,28.849506
1449,-80.307452,25.615521
1450,-80.460457,26.093401
1451,-80.12589,26.181965
1452,-80.469423,26.055218
1453,-81.773801,26.183174
1454,-80.375878,25.757887
1455,-80.421115,26.084954
1456,-80.183216,26.369993
1457,-80.217791,26.687814
1458,-78.406541,22.544847
1459,-81.832487,26.09525
1460,-81.731281,26.330772
1461,-80.186928,25.8572
1462,-80.573831,26.044546
1463,-80.40524,26.192412
1464,-80.345298,25.713107
1465,-80.173018,26.696633
1466,-80.304931,25.874369
1467,-80.406922,25.67312
1468,-80.254115,25.717501
1469,-80.2078,25.667459
1470,-80.430898,25.493716
1471,-80.126039,26.181964
1472,-80.345768,25.569581
1473,-80.280375,25.760777
1474,-80.234947,27.254817
1475,-81.812594,26.257055
1476,-80.124198,26.812794
1477,-80.40825,25.664072
1478,-81.78907,26.17357
1479,-80.252875,25.708233
1480,-80.308706,25.6628
1481,-80.051339,26.728642
1482,-80.274469,26.008863
1483,-80.225207,26.268893
1484,-81.798233,26.256105
1485,-81.702855,26.398733
1486,-80.405922,25.775803
1487,-80.427095,25.693883
1488,-80.425769,25.629232
1489,-80.383391,25.829528
1490,-80.389048,25.586586
1491,-80.177803,26.599186
1492,-80.274872,26.088286
1493,-80.382856,25.821386
1494,-80.459126,25.712337
1495,-80.327489,25.779135
1496,-80.327476,25.779081
1497,-80.328322,25.778041
1498,-80.098622,26.913057
1499,-80.296255,26.007765
1500,-80.323004,25.779215
1501,-80.191216,26.104138
1502,-80.452745,25.55836
1503,-80.07843,26.650675
1504,-80.221475,26.190683
1505,-80.60308,28.384449
1506,-80.131278,26.905542
1507,-80.340887,25.650539
1508,-80.130675,26.021411
1509,-80.333983,25.641133
1510,-80.355799,25.56065
1511,-80.108283,26.740645
1512,-80.271442,25.795337
1513,-80.291064,25.715096
1514,-80.303014,25.648274
1515,-80.226663,25.775865
1516,-80.27715,26.098777
1517,-80.365865,26.190096
1518,-80.235047,25.737005
1519,-80.119117,26.524458
1520,-80.327472,25.779007
1521,-68.925475,12.133925
1522,-80.277008,25.681461
1523,-80.275417,25.681144
1524,-80.206723,25.898272
1525,-80.099071,26.89164
1526,-80.184547,25.97118
1527,-80.458935,25.712372
1528,-80.184525,25.971197
1529,-80.104825,26.893814
1530,-80.225014,25.76237
1531,-80.357615,25.691921
1532,-80.137317,26.122439
1533,-80.8225,22.166111
1534,-81.196389,20.8425
1535,-80.323585,25.648865
1536,-80.210475,25.744387
1537,-80.452961,25.573044
1538,-80.132121,26.106383
1539,-80.341982,25.930993
1540,-80.341982,25.930993
1541,-80.343949,25.93076
1542,-80.39025,25.508718
1543,-80.422414,26.121866
1544,-80.343984,25.930872
1545,-80.305446,25.631762
1546,-80.233847,26.006911
1547,-80.557451,25.395351
1548,-80.108033,26.7399
1549,-80.081375,26.339645
1550,-81.14572,23.199678
1551,-80.081536,26.339475
1552,-80.149198,25.970958
1553,-80.470248,25.494905
1554,-80.148789,25.970086
1555,-80.2929,25.296303
1556,-80.558996,25.444761
1557,-80.432998,25.696903
1558,-80.26481,25.73244
1559,-81.778697,26.339806
1560,-80.116136,26.48725
1561,-80.092461,26.266081
1562,-81.81344,26.460524
1563,-80.287684,26.212713
1564,-80.090813,26.880336
1565,-80.07312,26.404207
1566,-80.156982,26.42675
1567,-80.374432,25.624351
1568,-80.055144,26.856955
1569,-80.349033,25.879879
1570,-80.298281,25.706793
1571,-80.29459,25.71648
1572,-80.298332,25.706753
1573,-80.116577,26.888426
1574,-77.789693,21.590077
1575,-80.372071,25.698423
1576,-80.126282,26.182039
1577,-81.881247,26.562925
1578,-80.412152,25.583067
1579,-80.366967,25.675908
1580,-80.131419,25.837332
1581,-78.639633,26.512325
1582,-80.322612,25.617506
1583,-80.170352,25.970467
1584,-80.350043,25.694875
1585,-80.337238,25.610104
1586,-80.398578,25.598948
1587,-80.347371,25.748309
1588,-80.593124,25.384396
1589,-80.462091,25.489779
1590,-80.360733,25.656414
1591,-80.113594,26.375735
1592,-80.162926,26.177481
1593,-81.809748,26.228563
1594,-80.091909,26.950592
1595,-80.115434,26.218692
1596,-81.038321,29.007051
1597,-80.2216,25.775041
1598,-80.126289,26.181887
1599,-80.424236,25.713845
1600,-80.373902,25.514533
1601,-80.368072,25.547916
1602,-80.399125,25.731178
1610,-80.352975,25.753272
1611,-80.353011,25.753303
1612,-80.285553,26.169167
1613,-81.761904,26.471884
1614,-80.375654,25.63764
1615,-80.369703,26.02569
1616,-80.288088,26.212442
1617,-80.134469,25.909101
1618,-80.339744,25.804015
1619,-80.144775,26.464922
1620,-80.144226,26.380537
1621,-80.253353,26.121612
1622,-80.275558,25.759445
1623,-80.273818,26.166142
1624,-80.194162,25.853892
1625,-80.439454,25.684045
1626,-80.190231,26.644186
1627,-80.078178,26.42425
1628,-80.504952,25.672827
1629,-80.286573,26.177231
1630,-80.28661,26.177257
1631,-80.286589,26.177254
1632,-80.237122,26.122483
1633,-80.116982,26.888731
1634,-80.421511,25.618142
1635,-80.11605,26.887901
1636,-80.122522,26.229394
1637,-80.116356,26.887865
1638,-80.101541,26.3332
1639,-80.258581,26.202098
1640,-80.2588,26.202345
1641,-80.304925,25.874375
1642,-80.309368,25.738104
1643,-80.287848,26.212703
1644,-80.317649,25.655898
1645,-80.348949,25.623996
1646,-81.818654,26.426151
1647,-80.101036,26.970905
1648,-80.330078,25.591033
1649,-80.126144,26.18194
1651,-80.52381,25.408194
1652,-80.13419,26.498926
1653,-80.187904,26.267354
1654,-81.773198,26.254659
1655,-80.270538,26.122647
1656,-80.251637,25.746277
1657,-80.13018,25.956862
1658,-80.092938,26.339069
1659,-80.120758,26.18858
1660,-75.541027,20.426709
1661,-80.243007,26.11449
1662,-80.188038,26.26732
1663,-80.188325,26.266838
1664,-80.17466,25.785957
1665,-80.001268,21.909882
1666,-80.144539,26.464603
1667,-80.158417,26.097217
1668,-80.188064,26.266769
1669,-80.235062,25.733463
1670,-80.243592,25.7261
1671,-80.142028,26.028983
1672,-80.125816,26.181652
1673,-80.137322,25.909922
1674,-80.106522,26.11977
1675,-80.194559,25.78328
1676,-80.290072,25.94979
1678,-74.667938,20.513832
1679,-80.24495,25.791416
1680,-80.261612,26.661475
1683,-75.699736,19.960862
1684,-80.132452,26.356957
1685,-80.411568,25.47468
1686,-75.701183,19.961412
1687,-81.443214,22.608367
1688,-80.394853,25.599686
1689,-80.36248,25.663955
1690,-80.157906,26.174002
1691,-80.432122,25.624583
1692,-80.241697,26.292185
1693,-82.087808,23.026348
1695,-80.333795,25.6682
1696,-80.082081,26.412204
1697,-80.148822,26.093811
1698,-80.150711,25.742294
1699,-80.126122,26.181934
1700,-80.278253,25.721003
1701,-80.306853,25.615562
1702,-80.2257,26.12406
1703,-80.312531,25.620116
1704,-80.285976,25.674911
1705,-80.430029,25.733016
1706,-80.31414,25.701623
1707,-80.314076,25.701703
1708,-80.116112,26.887836
1709,-80.144283,26.380539
1710,-80.233917,25.737597
1711,-80.043878,26.702603
1712,-80.340389,25.73842
1713,-80.389175,25.730908
1714,-80.296099,25.697553
1715,-80.385421,25.555475
1716,-80.225958,25.740782
1717,-80.443778,22.159975
1718,-80.221621,26.14622
1719,-80.213381,26.140364
1720,-80.275566,25.675422
1721,-80.126198,26.181864
1722,-80.347224,25.748862
1723,-80.390367,25.509005
1724,-80.314017,25.701614
1725,-80.450613,25.535503
1726,-80.158826,25.69726
1727,-80.308267,25.615922
1728,-80.308267,25.615033
1729,-80.140464,26.449892
1730,-80.314155,25.701703
1731,-80.155754,26.305908
1732,-80.321519,25.631016
1733,-80.130592,26.154949
1734,-80.426133,25.470853
1735,-80.313866,25.701608
1736,-80.50173,25.428742
1737,-80.2273895,26.7858993
1738,-80.584061,25.395533
1739,-80.133546,25.765778
1740,-80.342933,25.729058
1743,-80.31447,25.743362
1744,-80.304925,25.874375
1745,-80.305869,25.874206
1746,-80.305733,25.874022
1747,-80.221453,26.278105
1748,-80.347093,25.742923
1749,-80.34734,25.742948
1750,-80.308185,25.61744
1754,-80.407937,25.535025
1755,-80.39793,22.068887
1756,-80.148972,25.970813
1757,-83.706629,22.618813
1758,-80.12451,26.926016
1759,-80.353594,26.026512
1760,-80.274355,26.047601
1761,-80.1481,25.970615
1762,-81.822927,23.147565
1763,-80.346612,25.742887
1764,-80.963425,22.150254
1765,-80.103377,26.141678
1766,-80.13543,25.796247
1767,-80.148049,25.970101
1768,-80.17495,26.190464
1769,-80.144232,26.380263
1772,-80.29899,25.73646
1773,-157.852699,21.463545
1774,-80.338483,22.131504
1775,-157.852185,21.465193
1777,-157.853498,21.463155
1778,-80.29899,25.73646
1781,-77.447,21.146
1782,-157.860302,21.297732
1783,-80.338311,22.131504
1785,-79.588227,22.013432
1786,-80.338311,22.131504
1790,-82.25337,29.56551
1791,-79.588227,22.013432
1792,-80.29899,25.73646
1793,-80.29899,25.73646
1794,-80.29899,25.73646
1795,-80.189501,25.898964
1796,-80.127339,25.886589
1797,-80.186714,25.890095
1798,-80.275405,26.010322
1799,-80.111026,26.196974
1800,-80.188355,27.155616
1801,-79.625182,21.889589
1802,-81.754683,26.527217
1803,-81.787975,26.165943
1804,-80.484698,25.661064
1805,-76.021951,21.07601
1806,-80.375876,25.962674
1807,-80.347676,25.771856
1808,-80.30497,25.620512
1809,-80.180443,26.571565
1810,-80.27181,25.71605
1811,-80.320942,25.725325
1812,-80.180138,25.849138
1813,-80.072168,26.859513
1814,-80.148558,25.970217
1815,-80.214417,25.789927
1816,-80.323708,25.723881
1817,-80.312,21.93
1818,-80.312,21.93
1819,-80.040833,26.58545
1820,-80.27547,26.073837
1821,-80.149103,25.97076
1822,-80.270636,25.718174
1823,-80.271086,25.715375
1824,-80.194078,25.853838
1825,-81.269543,22.308584
1826,-80.256567,25.757261
1827,-80.315508,25.701397
1828,-80.234203,25.762577
1829,-80.332478,25.656227
1830,-80.24065,25.752328
1831,-80.449543,25.464848
1832,-81.788066,26.165878
1833,-81.788078,26.165954
1834,-80.271354,25.680191
1835,-80.29847,25.706695
1836,-80.275763,25.675776
1837,-80.133797,26.63597
1838,-80.369415,25.735058
1839,-80.362393,25.781094
1840,-80.313574,25.6821
1841,-80.239803,25.717884
1842,-80.300568,25.626729
1843,-80.383514,25.750452
1844,-80.375958,25.962631
1845,-80.28412,25.869738
1846,-80.121667,26.0197
1847,-80.358084,26.185312
1848,-81.875702,23.114904
1849,-80.42991,25.673727
1850,-80.306725,25.615612
1851,-80.3093,25.680479
1852,-80.196205,25.759014
1853,-80.308464,25.773527
1854,-80.040907,26.720624
1855,-80.111253,26.524906
1856,-80.452476,25.573853
1857,-80.103819,26.141441
1858,-80.318345,25.608587
1859,-80.28474,26.022087
1860,-80.27943,26.021462
1861,-80.438127,25.489708
1862,-80.567145,25.474775
1863,-80.348149,25.702845
1864,-80.233105,26.062861
1865,-80.20613,25.704788
1866,-80.317159,25.628978
1867,-80.208846,25.796157
1868,-80.367684,25.69853
1869,-80.32636,25.614165
1870,-80.278741,25.780223
1871,-80.329206,25.633727
1872,-80.20892,25.647864
1873,-77.905318,21.392604
1874,-80.273887,26.166142
1875,-80.094069,26.674695
1876,-80.312753,26.050183
1877,-80.331612,25.778269
1878,-74.700569,20.522963
1879,-80.273913,26.166133
1880,-80.300892,25.657944
1881,-80.329527,25.739699
1882,-80.298096,25.707003
1883,-81.16334,22.439275
1884,-80.333774,25.667715
1885,-80.32619,25.788142
1886,-80.222687,26.000197
1887,-80.128696,26.342052
1888,-80.312612,25.617167
1889,-80.364362,25.79224
1890,-80.308631,25.713058
1891,-80.306649,25.751368
1892,-80.269999,25.675508
1893,-80.219404,25.600291
1894,-80.288322,25.661372
1895,-80.372979,25.726878
1896,-80.375545,25.75613
1897,-80.327491,25.611691
1898,-80.25255,25.679238
1899,-80.381735,25.786558
1900,-80.302993,25.715523
1901,-80.281816,25.660619
1902,-80.325554,26.125834
1903,-80.369395,25.727901
1904,-80.290576,25.686978
1905,-80.279198,25.633035
1906,-80.282506,25.660753
1907,-80.344691,25.714301
1908,-80.239329,25.613849
1909,-80.283227,25.754422
1910,-80.210545,25.778546
1911,-80.275614,25.675397
1912,-80.282622,25.661299
1913,-80.302324,25.739521
1914,-80.360703,25.606695
1915,-80.270158,26.238631
1916,-80.27158,25.675363
1917,-80.312279,25.60306
1918,-80.23639,25.66884
1919,-80.19179,25.76168
1920,-80.306448,25.616258
1921,-80.452208,25.575378
1922,-80.069511,26.667669
1923,-80.31453,25.665559
1924,-80.374858,25.776791
1925,-80.383394,25.755186
1926,-80.319039,25.702602
1927,-80.314455,25.643241
1928,-80.232006,25.620344
1929,-80.367591,25.601762
1930,-80.279074,25.722784
1931,-80.234528,26.27243
1932,-80.334854,25.91027
1933,-80.444833,25.518667
1934,-80.444834,25.518678
1935,-80.395353,25.79271
1936,-80.329819,25.731532
1937,-80.225635,25.607234
1938,-80.27124,25.744088
1939,-80.336236,25.667246
1940,-80.329347,25.639275
1941,-80.253513,25.624641
1942,-80.222699,25.662121
1943,-80.22176,25.601348
1944,-79.574617,21.857682
1945,-80.235684,25.734507
1946,-80.227024,25.710461
1947,-80.229597,25.621475
1948,-80.351254,25.724762
1949,-80.3442,25.610716
1950,-80.3857,25.716577
1951,-80.240842,25.658428
1952,-80.331864,25.913595
1953,-80.338407,25.715584
1954,-80.35466,25.798526
1955,-80.370928,25.775774
1956,-80.098442,26.307
1957,-80.245632,25.64972
1958,-80.269885,25.703237
1959,-80.322398,25.697481
1960,-80.372494,25.725854
1961,-80.317933,25.747776
1962,-80.329105,25.611245
1963,-81.444922,22.407777
1964,-81.443332,26.285578
1965,-80.094696,26.373909
1966,-80.310495,25.676785
1967,-80.331276,25.643079
1968,-80.361532,25.769882
1969,-80.271397,25.680101
1970,-80.501375,25.43837
1971,-80.276128,25.865766
1972,-80.19179,25.76168
1973,-80.149439,25.97066
1974,-80.149439,25.97066
1975,-79.41667,21.61667
1977,-79.41667,21.61667
1979,-80.510727,25.432709
1980,-80.510727,25.432709
1981,-80.510727,25.432709
1982,-80.510727,25.432709
1983,-80.510727,25.432709
1984,-80.490335,25.528443
1985,-80.525963,25.414749
1986,-78.406973,22.509013
1987,-80.133568,26.357175
1988,-82.361542,26.982788
1989,-80.375997,25.583669
1990,-80.5939,22.0731
1991,-80.38138,25.661408
1992,-80.335153,25.741592
1993,-80.494003,25.447876
1994,-78.979727,22.649504
1998,-80.07978,26.3627
1999,-80.338903,25.804956
2000,-80.249619,26.14937
2001,-80.233863,25.825133
2002,-81.7584,26.278947
2003,-80.110939,26.395133
2004,-80.259074,25.739174
2005,-80.068789,26.66606
2006,-80.068677,26.666068
2007,-81.820055,26.252075
2008,-80.135025,25.811783
2009,-80.418945,25.656742
2010,-80.379063,25.753948
2032,-80.399951,25.623053
2034,-80.346859,25.580832
2035,-80.19179,25.76168
2036,-80.326623,25.724967
2037,-80.135339,25.809778
2038,-80.238072,26.1118
2039,-80.278894,25.723241
2040,-80.274298,27.191078
2041,-81.876215,26.392009
2042,-77.063556,26.543659
2043,-81.567941,26.706684
2044,-81.567941,26.706684
2045,-80.268384,25.72149
2046,-80.132046,26.106504
2047,-80.079782,26.362701
2048,-81.752284,26.335721
2049,-81.752251,26.335701
2050,-81.752241,26.335681
2051,-80.435263,25.478518
2052,-80.277313,26.15006
2053,-80.073216,26.404238
2054,-80.327574,25.692527
2055,-80.274964,26.074603
2056,-80.223723,26.405771
2057,-80.213877,26.116489
2058,-80.221108,26.041053
2059,-80.43526,25.754458
2060,-80.434728,25.757807
2061,-80.396897,25.608969
2062,-80.280439,25.723357
2063,-80.363013,25.756225
2064,-80.379545,25.755217
2065,-80.096823,26.19156
2066,-80.218689,26.039278
2067,-80.14314,26.32736
2068,-80.005526,26.565881
2069,-80.393178,26.094123
2070,-80.394164,26.1051
2071,-80.470356,25.49577
2072,-80.279771,25.717487
2073,-80.286108,25.690882
2074,-80.275462,25.718902
2075,-80.442911,25.465079
2076,-80.13356,26.13446
2077,-80.442931,25.465278
2078,-80.268384,25.72149
2079,-80.305316,25.618427
2080,-80.2351,25.736728
2081,-81.781875,26.412387
2082,-80.278008,25.720328
2083,-80.162117,25.732047
2084,-80.32613,25.730188
2085,-79.278554,25.548433
2086,-81.82778,26.46039
2087,-80.285759,26.147401
2088,-80.089772,26.403136
2089,-80.326053,26.143261
2090,-80.48601,25.504867
2091,-80.187876,26.31862
2092,-80.187876,26.31862
2093,-81.712443,26.198927
2094,-81.778928,26.25884
2095,-80.20871,26.4
2096,-80.0796,26.5007
2097,-80.36373,26.01914
2098,-80.61191,28.35833
2099,-80.15639,26.4271
2100,-81.80805,26.26592
2101,-80.42998,25.1074
2102,-82.07962,26.43476
2103,-81.97243,26.62764
2104,-80.29475,25.29315
2105,-80.25222,26.65348
2106,-80.25222,26.65348
2107,-80.24557,26.29446
2108,-81.82307,26.32803
2109,-80.25222,26.65348
2110,-81.79405,26.16151
2111,-80.12978,26.3207
2112,-80.1746,25.78614
2113,-81.77138,26.10832
2114,-80.2566,25.71095
2115,-80.42741,25.60755
2116,-80.14618,26.08443
2117,-80.17599,25.78673
2118,-81.73096,26.09946
2119,-80.17389,26.24125
2120,-81.72798,26.24002
2121,-80.12474,26.89605
2122,-80.2223,26.18972
2123,-80.4255,25.11056
2124,-80.2223,26.18972
2125,-80.04325,26.69046
2126,-80.29833,25.69403
2127,-80.29565,25.82281
2128,-80.1575,25.673667
2129,-80.1777,26.01497
2130,-80.538167,27.278666
2131,-81.813217,26.176183
2132,-81.813217,26.176183
2133,-81.80483,26.21492
2134,-81.813217,26.176183
2135,-80.06327,26.672624
2136,-81.813217,26.176183
2137,-81.80483,26.21492
2138,-80.1575,25.673667
2139,-80.296728,25.706728
2140,-80.391083,25.645917
2141,-80.612733,26.973817
2142,-80.298033,25.706892
2143,-80.178217,25.962883
2144,-80.612733,26.973817
2145,-80.298033,25.706892
2146,-80.31409,25.62033
2147,-80.28443,25.68346
2148,-80.28443,25.68346
2149,-80.298033,25.706892
2150,-80.298033,25.706892
2151,-80.28645,25.65845
2152,-80.298033,25.706892
2153,-80.298033,25.706892
2154,-80.298033,25.706892
2155,-80.16569,26.06078
2156,-80.53597,25.4456
2157,-80.22012,26.04542
2158,-80.21976,26.04591
2159,-80.51073,25.42926
2160,-80.13456,26.47479
2161,-80.50859,25.42751
2162,-80.51148,25.42893
2163,-80.51159,25.43103
2164,-80.50973,25.42889
2165,-80.50991,25.43103
2166,-80.50753,25.42757
2167,-80.50883,25.42755
2168,-80.50963,25.42904
2169,-80.51093,25.42904
2170,-80.50753,25.42894
2171,-80.51125,25.429
2172,-80.51136,25.42901
2173,-80.51125,25.429
2174,-80.50991,25.43103
2175,-80.50883,25.42755
2176,-80.50973,25.42889
2177,-80.50984,25.42915
2178,-80.51103,25.43072
2179,-81.79692,26.13971
2180,-80.51763,25.43096
2181,-80.51767,25.43026
2182,-80.18962,26.3189
2183,-80.18829,26.31773
2184,-80.51773,25.43189
2185,-80.17703,26.01486
2186,-80.1342,26.12011
2187,-80.1342,26.12011
2188,-80.12352,26.899
2189,-80.12904,26.32237
2190,-80.17298,26.24068
2191,-80.39558,25.13903
2192,-80.43897,25.46302
2193,-81.76763,26.23803
2194,-81.775,26.20033
2195,-80.2495,26.12483
2196,-80.22787,26.2137
2197,-80.18346,26.59728
2198,-81.805,24.556583
2199,-80.12904,26.32237
2200,-80.51983,25.76081
2201,-81.78685,26.40554
2202,-80.11267,26.88967
2203,-80.39558,25.13903
2204,-80.23693,25.78764
2205,-80.2279,26.21375
2206,-80.16312,26.06421
2207,-81.76789,26.23832
2208,-80.47028,25.4834
2209,-80.13172,26.83358
2210,-80.39558,25.13903
2211,-80.12974,26.32057
2212,-80.18318,26.59726
2213,-80.05541,26.6146
2214,-80.095,26.83147
2215,-80.41291,25.12609
2216,-82.42166,28.03611
2217,-80.26526,27.15945
2218,-80.13002,26.89037
2219,-80.27093,26.13939
2220,-80.10143,27.03144
2221,-80.10598,26.87983
2222,-80.13002,26.89037
2223,-80.21019,26.01635
2224,-80.27093,26.13939
2225,-80.40049,25.7085
2226,-80.26016,26.13603
2227,-80.27826,26.11578
2228,-80.16953,26.21255
2229,-80.1245,26.55795
2230,-80.40539,25.63302
2231,-80.40539,25.63302
2232,-81.68883,26.18333
2233,-80.08412,26.39544
2234,-80.22248,26.26294
2235,-81.70328,26.1834
2236,-81.69024,26.18157
2237,-80.3824,26.01673
2238,-81.96269,26.6461
2239,-80.24765,26.14944
2240,-80.2663,26.1237
2241,-80.24765,26.14944
2242,-80.14009,26.19506
2244,-80.50948,25.42931
2245,-80.0942,26.9601
2246,-80.16829,26.59851
2247,-80.36517,25.64445
2248,-81.80426,24.55776
2249,-80.09286,26.28014
2250,-80.12545,26.46243
2251,-81.97564,26.61288
2252,-81.99503,26.58019
2253,-80.20217,25.75423
2254,-80.27485,26.12379
2255,-80.59625,28.17551
2256,-80.17072,26.59565
2257,-81.74508,26.24467
2258,-80.12243,26.48768
2259,-80.20995,26.34321
2260,-80.09148,26.547
2261,-81.805217,26.369842
2262,-81.805,24.556583
2264,-80.50921,25.42559
2265,-80.50921,25.42559
2266,-80.50921,25.42559
2267,-81.68766,26.026992
2268,-80.19866,27.20036
2269,-80.27411,25.72673
2270,-81.8068,26.1462
2271,-81.8068,26.1462
2272,-80.21976,26.04591
2273,-80.298033,25.706892
2274,-80.068944,26.667731
2275,-82.186397,26.498511
2276,-81.72411,28.03906
2277,-81.370525,27.295233
2278,-80.382694,25.70625
2279,-81.801145,26.683153
2280,-80.229214,26.925738
2281,-80.29565,25.82281
2282,-81.805217,26.369842
2283,-81.805,24.556583
2284,-80.79083,28.46562
2285,-80.562783,25.482641
2286,-80.29565,25.82281
2287,-80.15738,26.66762
2288,-80.089772,26.403136
2289,-80.07544,26.42225
2290,-80.317705,25.69391
2291,-80.317705,25.69391
2292,-80.47777,25.4854
2293,-80.317705,25.69391
2294,-80.317705,25.69391
2295,-80.317705,25.69391
2296,-80.317705,25.69391
2297,-80.317705,25.69391
2298,-80.317705,25.69391
2299,-80.317705,25.69391
2300,-80.31025,25.611525
2301,-80.33634,25.694971
2302,-80.317705,25.69391
2303,-80.31025,25.611525
2304,-80.317705,25.69391
2305,-80.317705,25.69391
2306,-80.317705,25.69391
2307,-80.285122,25.697011
2308,-80.477771,25.484499
2309,-80.33634,25.694971
2310,-80.584002,25.394879
2311,-80.285122,25.697011
2312,-80.285122,25.697011
2313,-80.285122,25.697011
2314,-80.4323,25.4375
2315,-80.50997,25.4916
2316,-80.317705,25.69391
2317,-80.33634,25.694971
2318,-80.2622,25.7485
2319,-80.33634,25.694971
2320,-80.33634,25.694971
2321,-80.285122,25.697011
2322,-80.33634,25.694971
2323,-80.317705,25.69391
2324,-80.317705,25.69391
2325,-80.33634,25.694971
2326,-81.80215,26.682617
2327,-80.479,25.686
2328,-80.30699,25.61922
2329,-80.30699,25.61922
2330,-80.30699,25.61922
2331,-80.1575,25.673667
2332,-80.1777,26.01497
2333,-80.1777,26.01497
2334,-80.29565,25.82281
2335,-80.1777,26.01497
2336,-80.1777,26.01497
2337,-80.29565,25.82281
2338,-80.29565,25.82281
2339,-80.126379,26.558214
2340,-80.352389,25.703472
2341,-81.80215,26.682617
2342,-80.157883,25.704317
2343,-80.1777,26.01497
2344,-80.1777,26.01497
2345,-80.1777,26.01497
2346,-80.056916,26.615911
2347,-81.8481,26.623
2348,-80.352389,25.703472
2349,-80.29565,25.82281
2350,-80.1777,26.01497
2351,-80.1777,26.01497
2352,-81.79827,26.18737
2354,-80.2622,25.7485
2355,-80.479,25.686
2356,-80.479,25.686
2357,-80.2741,25.7248
2358,-80.2741,25.7248
2359,-80.292136,25.703965
2360,-80.2741,25.7248
2361,-80.2741,25.7248
2362,-80.2741,25.7248
2363,-80.249358,26.133261
2364,-80.479,25.686
2365,-80.479,25.686
2366,-80.36561,25.74137
2367,-80.36561,25.74137
2368,-80.36561,25.74137
2370,-80.292136,25.703965
2371,-80.292136,25.703965
2372,-80.292136,25.703965
2373,-80.2741,25.7248
2374,-80.329023,25.653184
2375,-80.292136,25.703965
2376,-80.56045,24.96795
2378,-80.2622,25.7485
2379,-80.2622,25.7485
2380,-80.26918,25.741624
2381,-80.26918,25.741624
2382,-80.266401,25.741063
2383,-80.264479,25.742734
2384,-80.26918,25.741624
2385,-80.26918,25.741624
2386,-80.26918,25.741624
2387,-80.26918,25.741624
2388,-80.26918,25.741624
2389,-80.265008,25.739886
2390,-80.26918,25.741624
2391,-80.26918,25.741624
2392,-80.262479,25.743484
2393,-80.26918,25.741624
2394,-80.26918,25.741624
2395,-80.26918,25.741624
2396,-80.271581,25.746148
2397,-80.36435,25.70101
2413,-80.55,22.3333
2415,-82.0281,22.8361
2416,-82.0319,22.7819
2433,-80.4764,25.4872
2439,-77.6667,19.9333
2441,-77.6667,19.9333
2447,-80.4667,22.4667
2448,-82.0319,22.7819
2456,-81.85,23.15
2458,-81.8044,26.19
2465,-80.2692,25.7416
2474,-81.1972,22.2897
2478,-80.55,22.3333
2480,-82.0319,22.7819
2482,-80.577,22.0797
2483,-82.43,23.0767
2484,-82.0319,22.7819
2493,-81.8048,26.2149
2495,-82.0319,22.7819
2496,-77.6667,19.9333
2501,-157.853,21.4636
2502,-82.3667,23.1333
2508,-80.1777,26.015
2509,-82.0319,22.7819
2510,-81.1972,22.2897
2513,-82.0319,22.7819
2515,-80.55,22.3333
2516,-82.3667,23.1333
2518,-77.6667,19.9333
2520,-75.7186,20.9625
2521,-82.0319,22.7819
2527,-82.0319,22.7819
2530,-77.6667,19.9333
2535,-82.3667,23.1333
2536,-81.1972,22.2897
2538,-82.0319,22.7819
2542,-81.1972,22.2897
2544,-82.0319,22.7819
2546,-82.0319,22.7819
2547,-82.0281,22.8361
2556,-80.309547,25.735225
2557,-80.237713,26.084265
2558,-80.268384,25.72149
2559,-80.252023,26.096947
2560,-80.238833,27.2515
2561,-80.310358,25.606519
2562,-80.27387,25.680278
2564,-81.77307,26.22667
2565,-80.286375,25.672159
2566,-80.27387,25.680278
2567,-80.194053,25.820072
2568,-80.217303,25.735829
2569,-80.239662,26.0837
2570,-80.23967,26.083692
2571,-80.262269,25.655584
2572,-80.131798,26.107064
2573,-80.3202,22.1253
2574,-80.112214,26.601427
2575,-80.349584,25.696702
2576,-81.774046,26.464113
2577,-80.364475,25.179932
2581,-80.13421,26.682231
2582,-78.811233,22.627352
2583,-80.174315,25.786133
2587,-75.716016,19.961339
2588,-76.680874,19.958025
2589,-76.680874,19.958025
2590,-76.680874,19.958025
2591,-76.680874,19.958025
2592,-76.680874,19.958025
2593,-76.680874,19.958025
2594,-76.680874,19.958025
2596,-77.728306,21.456682
2597,-80.2642612,25.7522863
2598,-80.2642612,25.7522863
2599,-80.2642612,25.7522863
2600,-80.2642612,25.7522863
2601,-80.247223,25.877471
2602,-80.397917,25.606864
2604,-157.847,21.461
2605,-157.731,21.3365
2606,-157.726,21.3929
2607,-157.852,21.4652
2617,-80.5248,25.40688
2618,-80.51768,25.43095
2619,-80.5248,25.40688
2620,-157.79311,21.41029
2621,-157.79311,21.41029
2622,-80.51768,25.43095
2623,-80.2686,25.7211
2625,-80.2686,25.7211
2626,-80.401942,25.608537
2627,-80.5248,25.40688